CFU/mL,Sensor2,Sensor1,Sensor3
30500000.0,70.734,-68.02,52.47
3050000.0,50.162,-95.7,32.63
305000.0,-8.39,-99.96,-10.41
30500.0,-18.7,-107.42,-23.93
3050.0,-19.62,-109.94,-27.24
700.0,-20.62,-112.206,-31.24
80.0,-25.25,-115.18,-36.27
10.0,-35.58,-128.55,-54.39
1.0,-50.57,-150.23,-64.37
1.0,-65.5,-183.78,-68.34
